﻿sentences,classification_label
"Billy Below is an email I wrote to you a few days ago but didn't: Send, waiting for some change, ",Policy violated
But these past two days have confirmed that XYZ has lost my trust . ,Policy violated
"I feel you have cheated me and Stolen my money, and that you don't deserve the fees you charge ",Policy violated
"By the way, every time I call you, you are not available .",Policy violated
Unacceptable! ,Policy violated
See attached pics and make sure you reimburse me if the money you have stolen from me. ,Policy violated
"Just look at the huge difference between the market Indicators and my portfolio, and happens every day! ",Policy not violated
Billy I continue to be disappointed in the performance Of your money managers ,Policy violated
"and the vague and bad arguments you' ve provided me (""you should look at the S&P 500 Over Che Dow"". you stated che last time via email. ",Policy not violated
"Today, just as an example, the SSP grew 140 bps and my portfolio a mere 101 bps",Policy not violated
"(I'm talking about my managed account and NOT my IRA, as I understand the latter takes longer to settle). ",Policy not violated
Same a couple of days ago: the S&P grew 78 bps my portfolio barely 18 bps. ,Policy not violated
"Don't get me wrong,I fully understand that my asset allocation is not directly aligned with the performance ",Policy not violated
"the, key indicators in the Stock Market, but I would expect some correlation and not such a wide variance . ",Policy not violated
"I'm moving everything co ZZZ cc.any by the end of month. Regards Billy Red Ross""",Policy not violated
